Data,Candidato,Rede,Seguidores,Posts,CrescimentoDiario
2026-07-30,Augusto Cury,Facebook,4015070,0,0
2026-07-31,Augusto Cury,Facebook,4015131,2,61
2026-08-03,Augusto Cury,Facebook,4015339,2,208
2026-08-04,Augusto Cury,Facebook,4015527,1,188
2026-08-05,Augusto Cury,Facebook,4015970,3,443
2026-08-06,Augusto Cury,Facebook,4016385,2,415
2026-08-07,Augusto Cury,Facebook,4016679,0,294
2026-07-30,Augusto Cury,Instagram,8299887,0,0
2026-07-31,Augusto Cury,Instagram,8299969,0,82
2026-08-03,Augusto Cury,Instagram,8301262,0,1293
2026-08-04,Augusto Cury,Instagram,8301301,0,39
2026-08-05,Augusto Cury,Instagram,8302836,3,1535
2026-08-06,Augusto Cury,Instagram,8303712,2,876
2026-08-07,Augusto Cury,Instagram,8304441,0,729
2026-07-30,Augusto Cury,TikTok,377878,0,0
2026-07-31,Augusto Cury,TikTok,377994,0,116
2026-08-03,Augusto Cury,TikTok,378780,0,786
2026-08-04,Augusto Cury,TikTok,379021,0,241
2026-08-05,Augusto Cury,TikTok,379363,0,342
2026-08-06,Augusto Cury,TikTok,379667,0,304
2026-08-07,Augusto Cury,TikTok,380070,0,403
2026-07-30,Augusto Cury,X,212486,0,0
2026-07-31,Augusto Cury,X,212474,0,-12
2026-08-03,Augusto Cury,X,212455,0,-19
2026-08-04,Augusto Cury,X,212447,0,-8
2026-08-05,Augusto Cury,X,212449,1,2
2026-08-06,Augusto Cury,X,212437,0,-12
2026-08-07,Augusto Cury,X,212430,0,-7
2026-07-30,Cabo Daciolo,Facebook,1162635,0,0
2026-07-31,Cabo Daciolo,Facebook,1162587,0,-48
2026-08-03,Cabo Daciolo,Facebook,1163281,0,694
2026-08-04,Cabo Daciolo,Facebook,1163257,0,-24
2026-08-05,Cabo Daciolo,Facebook,1163270,1,13
2026-08-06,Cabo Daciolo,Facebook,1163335,1,65
2026-08-07,Cabo Daciolo,Facebook,1163371,1,36
2026-07-30,Cabo Daciolo,Instagram,704825,0,0
2026-07-31,Cabo Daciolo,Instagram,705221,0,396
2026-08-03,Cabo Daciolo,Instagram,719423,0,14202
2026-08-04,Cabo Daciolo,Instagram,722540,0,3117
2026-08-05,Cabo Daciolo,Instagram,724854,1,2314
2026-08-06,Cabo Daciolo,Instagram,726907,1,2053
2026-08-07,Cabo Daciolo,Instagram,728179,0,1272
2026-07-30,Cabo Daciolo,TikTok,6082,0,0
2026-07-31,Cabo Daciolo,TikTok,6084,0,2
2026-08-03,Cabo Daciolo,TikTok,6092,0,8
2026-08-04,Cabo Daciolo,TikTok,6097,0,5
2026-08-05,Cabo Daciolo,TikTok,6100,0,3
2026-08-06,Cabo Daciolo,TikTok,6106,0,6
2026-08-07,Cabo Daciolo,TikTok,6107,0,1
2026-07-30,Cabo Daciolo,X,126488,0,0
2026-07-31,Cabo Daciolo,X,126475,0,-13
2026-08-03,Cabo Daciolo,X,126444,0,-31
2026-08-04,Cabo Daciolo,X,126442,0,-2
2026-08-05,Cabo Daciolo,X,126432,0,-10
2026-08-06,Cabo Daciolo,X,126429,0,-3
2026-08-07,Cabo Daciolo,X,126416,0,-13
2026-07-30,Edmilson Costa,Instagram,5791,0,0
2026-07-31,Edmilson Costa,Instagram,5786,0,-5
2026-08-03,Edmilson Costa,Instagram,5891,0,105
2026-08-04,Edmilson Costa,Instagram,5922,0,31
2026-08-05,Edmilson Costa,Instagram,5956,0,34
2026-08-06,Edmilson Costa,Instagram,6000,0,44
2026-08-07,Edmilson Costa,Instagram,6034,0,34
2026-07-30,Flávio Bolsonaro,Facebook,3705961,0,0
2026-07-31,Flávio Bolsonaro,Facebook,3709788,0,3827
2026-08-03,Flávio Bolsonaro,Facebook,3715761,0,5973
2026-08-04,Flávio Bolsonaro,Facebook,3718273,0,2512
2026-08-05,Flávio Bolsonaro,Facebook,3720666,2,2393
2026-08-06,Flávio Bolsonaro,Facebook,3728195,6,7529
2026-08-07,Flávio Bolsonaro,Facebook,3730683,1,2488
2026-07-30,Flávio Bolsonaro,Instagram,10921186,0,0
2026-07-31,Flávio Bolsonaro,Instagram,10928332,3,7146
2026-08-03,Flávio Bolsonaro,Instagram,10966854,0,38522
2026-08-04,Flávio Bolsonaro,Instagram,10982193,0,15339
2026-08-05,Flávio Bolsonaro,Instagram,11007383,3,25190
2026-08-06,Flávio Bolsonaro,Instagram,11025935,6,18552
2026-08-07,Flávio Bolsonaro,Instagram,11034582,1,8647
2026-07-30,Flávio Bolsonaro,TikTok,2215657,0,0
2026-07-31,Flávio Bolsonaro,TikTok,2222134,0,6477
2026-08-03,Flávio Bolsonaro,TikTok,2235373,0,13239
2026-08-04,Flávio Bolsonaro,TikTok,2239882,0,4509
2026-08-05,Flávio Bolsonaro,TikTok,2244069,0,4187
2026-08-06,Flávio Bolsonaro,TikTok,2248995,0,4926
2026-08-07,Flávio Bolsonaro,TikTok,2251363,0,2368
2026-07-30,Flávio Bolsonaro,X,3731749,0,0
2026-07-31,Flávio Bolsonaro,X,3731806,0,57
2026-08-03,Flávio Bolsonaro,X,3732286,0,480
2026-08-04,Flávio Bolsonaro,X,3732526,0,240
2026-08-05,Flávio Bolsonaro,X,3732986,3,460
2026-08-06,Flávio Bolsonaro,X,3733538,12,552
2026-08-07,Flávio Bolsonaro,X,3733908,1,370
2026-07-30,Hertz Dias,Facebook,2271,0,0
2026-07-31,Hertz Dias,Facebook,2271,0,0
2026-08-03,Hertz Dias,Facebook,2272,0,1
2026-08-04,Hertz Dias,Facebook,2274,0,2
2026-08-05,Hertz Dias,Facebook,2273,0,-1
2026-08-06,Hertz Dias,Facebook,2273,0,0
2026-08-07,Hertz Dias,Facebook,2274,0,1
2026-07-30,Hertz Dias,Instagram,25334,0,0
2026-07-31,Hertz Dias,Instagram,25648,0,314
2026-08-03,Hertz Dias,Instagram,26620,2,972
2026-08-04,Hertz Dias,Instagram,27338,4,718
2026-08-05,Hertz Dias,Instagram,28069,4,731
2026-08-06,Hertz Dias,Instagram,28719,2,650
2026-08-07,Hertz Dias,Instagram,29685,0,966
2026-07-30,Hertz Dias,TikTok,65,0,0
2026-07-31,Hertz Dias,TikTok,65,0,0
2026-08-03,Hertz Dias,TikTok,71,0,6
2026-08-04,Hertz Dias,TikTok,73,0,2
2026-08-05,Hertz Dias,TikTok,73,0,0
2026-08-06,Hertz Dias,TikTok,73,0,0
2026-08-07,Hertz Dias,TikTok,74,0,1
2026-07-30,Hertz Dias,X,354,0,0
2026-07-31,Hertz Dias,X,354,0,0
2026-08-03,Hertz Dias,X,355,0,1
2026-08-04,Hertz Dias,X,355,0,0
2026-08-05,Hertz Dias,X,355,0,0
2026-08-06,Hertz Dias,X,355,0,0
2026-08-07,Hertz Dias,X,355,0,0
2026-07-30,Lula,Facebook,6550074,0,0
2026-07-31,Lula,Facebook,6551688,0,1614
2026-08-03,Lula,Facebook,6557654,0,5966
2026-08-04,Lula,Facebook,6560930,0,3276
2026-08-05,Lula,Facebook,6562404,2,1474
2026-08-06,Lula,Facebook,6563021,7,617
2026-08-07,Lula,Facebook,6563340,2,319
2026-07-30,Lula,Instagram,14801251,0,0
2026-07-31,Lula,Instagram,14805155,6,3904
2026-08-03,Lula,Instagram,14828006,0,22851
2026-08-04,Lula,Instagram,14833377,0,5371
2026-08-05,Lula,Instagram,14837298,2,3921
2026-08-06,Lula,Instagram,14844153,5,6855
2026-08-07,Lula,Instagram,14849585,2,5432
2026-07-30,Lula,TikTok,5709106,0,0
2026-07-31,Lula,TikTok,5710350,0,1244
2026-08-03,Lula,TikTok,5720352,0,10002
2026-08-04,Lula,TikTok,5723075,0,2723
2026-08-05,Lula,TikTok,5725048,0,1973
2026-08-06,Lula,TikTok,5727353,0,2305
2026-08-07,Lula,TikTok,5730189,0,2836
2026-07-30,Lula,X,10547462,0,0
2026-07-31,Lula,X,10551218,0,3756
2026-08-03,Lula,X,10562142,0,10924
2026-08-04,Lula,X,10566049,0,3907
2026-08-05,Lula,X,10569648,7,3599
2026-08-06,Lula,X,10570886,8,1238
2026-08-07,Lula,X,10574649,2,3763
2026-07-30,Renan Santos,Facebook,124711,0,0
2026-07-31,Renan Santos,Facebook,125068,0,357
2026-08-03,Renan Santos,Facebook,129748,0,4680
2026-08-04,Renan Santos,Facebook,130963,0,1215
2026-08-05,Renan Santos,Facebook,131675,0,712
2026-08-06,Renan Santos,Facebook,132250,6,575
2026-08-07,Renan Santos,Facebook,132921,1,671
2026-07-30,Renan Santos,Instagram,2125029,0,0
2026-07-31,Renan Santos,Instagram,2128463,0,3434
2026-08-03,Renan Santos,Instagram,2175715,0,47252
2026-08-04,Renan Santos,Instagram,2195762,0,20047
2026-08-05,Renan Santos,Instagram,2214834,3,19072
2026-08-06,Renan Santos,Instagram,2231042,6,16208
2026-08-07,Renan Santos,Instagram,2244570,1,13528
2026-07-30,Renan Santos,TikTok,847817,0,0
2026-07-31,Renan Santos,TikTok,854101,0,6284
2026-08-03,Renan Santos,TikTok,885785,0,31684
2026-08-04,Renan Santos,TikTok,905667,0,19882
2026-08-05,Renan Santos,TikTok,920525,0,14858
2026-08-06,Renan Santos,TikTok,931955,0,11430
2026-08-07,Renan Santos,TikTok,944641,0,12686
2026-07-30,Renan Santos,X,150001,0,0
2026-07-31,Renan Santos,X,150100,0,99
2026-08-03,Renan Santos,X,151516,0,1416
2026-08-04,Renan Santos,X,151882,0,366
2026-08-05,Renan Santos,X,152540,14,658
2026-08-06,Renan Santos,X,153100,28,560
2026-08-07,Renan Santos,X,153840,5,740
2026-07-31,Romeu Zema,Facebook,1195591,0,0
2026-08-03,Romeu Zema,Facebook,1213936,0,18345
2026-08-04,Romeu Zema,Facebook,1214153,0,217
2026-08-05,Romeu Zema,Facebook,1214298,3,145
2026-08-06,Romeu Zema,Facebook,1214449,3,151
2026-08-07,Romeu Zema,Facebook,1214769,11,320
2026-07-30,Romeu Zema,Instagram,3553288,0,0
2026-07-31,Romeu Zema,Instagram,3553871,0,583
2026-08-03,Romeu Zema,Instagram,3560242,0,6371
2026-08-04,Romeu Zema,Instagram,3561307,0,1065
2026-08-05,Romeu Zema,Instagram,3563038,3,1731
2026-08-06,Romeu Zema,Instagram,3563940,3,902
2026-08-07,Romeu Zema,Instagram,3565025,1,1085
2026-07-30,Romeu Zema,TikTok,643964,0,0
2026-07-31,Romeu Zema,TikTok,644119,0,155
2026-08-03,Romeu Zema,TikTok,644809,0,690
2026-08-04,Romeu Zema,TikTok,645018,0,209
2026-08-05,Romeu Zema,TikTok,645415,0,397
2026-08-06,Romeu Zema,TikTok,645703,0,288
2026-08-07,Romeu Zema,TikTok,646394,0,691
2026-07-30,Romeu Zema,X,606000,0,0
2026-07-31,Romeu Zema,X,606006,0,6
2026-08-03,Romeu Zema,X,606322,0,316
2026-08-04,Romeu Zema,X,606310,0,-12
2026-08-05,Romeu Zema,X,606310,1,0
2026-08-06,Romeu Zema,X,606324,3,14
2026-08-07,Romeu Zema,X,606434,0,110
2026-07-30,Ronaldo Caiado,Facebook,1276444,0,0
2026-07-31,Ronaldo Caiado,Facebook,1276648,0,204
2026-08-03,Ronaldo Caiado,Facebook,1276798,0,150
2026-08-04,Ronaldo Caiado,Facebook,1276783,0,-15
2026-08-05,Ronaldo Caiado,Facebook,1276751,0,-32
2026-08-06,Ronaldo Caiado,Facebook,1276729,0,-22
2026-08-07,Ronaldo Caiado,Facebook,1276766,0,37
2026-07-30,Ronaldo Caiado,Instagram,2220413,0,0
2026-07-31,Ronaldo Caiado,Instagram,2224144,0,3731
2026-08-03,Ronaldo Caiado,Instagram,2232322,0,8178
2026-08-04,Ronaldo Caiado,Instagram,2234564,0,2242
2026-08-05,Ronaldo Caiado,Instagram,2236457,0,1893
2026-08-06,Ronaldo Caiado,Instagram,2240615,0,4158
2026-08-07,Ronaldo Caiado,Instagram,2242135,0,1520
2026-07-30,Ronaldo Caiado,TikTok,685781,0,0
2026-07-31,Ronaldo Caiado,TikTok,686763,0,982
2026-08-03,Ronaldo Caiado,TikTok,689678,0,2915
2026-08-04,Ronaldo Caiado,TikTok,690090,0,412
2026-08-05,Ronaldo Caiado,TikTok,690609,0,519
2026-08-06,Ronaldo Caiado,TikTok,691200,0,591
2026-08-07,Ronaldo Caiado,TikTok,691713,0,513
2026-07-30,Ronaldo Caiado,X,516100,0,0
2026-07-31,Ronaldo Caiado,X,516131,0,31
2026-08-03,Ronaldo Caiado,X,516129,0,-2
2026-08-04,Ronaldo Caiado,X,516117,0,-12
2026-08-05,Ronaldo Caiado,X,516129,0,12
2026-08-06,Ronaldo Caiado,X,516173,0,44
2026-08-07,Ronaldo Caiado,X,516164,0,-9
2026-07-30,Rui Costa Pimenta,Facebook,22823,0,0
2026-07-31,Rui Costa Pimenta,Facebook,22830,0,7
2026-08-03,Rui Costa Pimenta,Facebook,22855,0,25
2026-08-04,Rui Costa Pimenta,Facebook,22864,0,9
2026-08-05,Rui Costa Pimenta,Facebook,22870,2,6
2026-08-06,Rui Costa Pimenta,Facebook,22886,0,16
2026-08-07,Rui Costa Pimenta,Facebook,22924,0,38
2026-07-30,Rui Costa Pimenta,Instagram,14371,0,0
2026-07-31,Rui Costa Pimenta,Instagram,14408,0,37
2026-08-03,Rui Costa Pimenta,Instagram,14479,0,71
2026-08-04,Rui Costa Pimenta,Instagram,14495,0,16
2026-08-05,Rui Costa Pimenta,Instagram,14530,1,35
2026-08-06,Rui Costa Pimenta,Instagram,14568,0,38
2026-08-07,Rui Costa Pimenta,Instagram,14613,0,45
2026-07-31,Rui Costa Pimenta,X,47600,0,0
2026-08-03,Rui Costa Pimenta,X,47670,0,70
2026-08-04,Rui Costa Pimenta,X,47697,0,27
2026-08-05,Rui Costa Pimenta,X,47712,3,15
2026-08-07,Rui Costa Pimenta,X,47759,0,47
2026-07-31,Samara Martins,Facebook,1846,0,0
2026-08-03,Samara Martins,Facebook,1847,0,1
2026-08-04,Samara Martins,Facebook,1847,0,0
2026-08-05,Samara Martins,Facebook,1847,0,0
2026-08-06,Samara Martins,Facebook,1848,0,1
2026-08-07,Samara Martins,Facebook,1849,0,1
2026-07-30,Samara Martins,Instagram,92392,0,0
2026-07-31,Samara Martins,Instagram,93469,2,1077
2026-08-03,Samara Martins,Instagram,95892,1,2423
2026-08-04,Samara Martins,Instagram,96945,2,1053
2026-08-05,Samara Martins,Instagram,100791,2,3846
2026-08-06,Samara Martins,Instagram,102224,2,1433
2026-08-07,Samara Martins,Instagram,105442,0,3218
2026-08-03,Samara Martins,TikTok,764,0,0
2026-08-04,Samara Martins,TikTok,785,0,21
2026-08-05,Samara Martins,TikTok,797,0,12
2026-08-06,Samara Martins,TikTok,818,0,21
2026-08-07,Samara Martins,TikTok,843,0,25
2026-07-30,Samara Martins,X,2370,0,0
2026-07-31,Samara Martins,X,2371,0,1
2026-08-03,Samara Martins,X,2282,0,-89
2026-08-04,Samara Martins,X,2385,0,103
2026-08-05,Samara Martins,X,2385,0,0
2026-08-06,Samara Martins,X,2387,0,2
2026-08-07,Samara Martins,X,2396,0,9